City_ID,City,Country,Date,Lat,Lng,Max Temp,Humidity,Cloudiness,Wind Speed
0,Muros,ES,2021-10-16 18:13:59,42.7762,-9.0603,64.24,88,100,13.8
1,Necochea,AR,2021-10-16 18:13:59,-38.5473,-58.7368,64.83,44,0,10.02
2,Husavik,IS,2021-10-16 18:14:00,66.0449,-17.3389,30.69,78,93,5.26
3,Salalah,OM,2021-10-16 18:14:00,17.0151,54.0924,78.89,89,0,1.14
4,Chokurdakh,RU,2021-10-16 18:14:00,70.6333,147.9167,-5.78,100,91,4.68
5,Chuy,UY,2021-10-16 18:14:01,-33.6971,-53.4616,59.61,50,7,11.59
6,Shakawe,BW,2021-10-16 18:14:01,-18.3667,21.85,81.66,11,2,3.53
7,Talakan,RU,2021-10-16 18:14:02,50.3167,130.3667,19.69,80,46,8.37
8,Bredasdorp,ZA,2021-10-16 18:14:03,-34.5322,20.0403,51.28,54,92,12.48
9,Sheridan,US,2021-10-16 18:14:03,44.8333,-106.9173,64.31,44,1,1.99
10,Carnarvon,AU,2021-10-16 18:14:03,-24.8667,113.6333,66.27,77,75,13.8
11,Dikson,RU,2021-10-16 18:14:04,73.5069,80.5464,30.87,91,100,15.99
12,Busselton,AU,2021-10-16 18:14:04,-33.65,115.3333,60.04,70,98,6.24
13,East London,ZA,2021-10-16 18:14:04,-33.0153,27.9116,60.49,63,5,24.38
14,Mataura,NZ,2021-10-16 18:14:05,-46.1927,168.8643,48.38,68,99,7.81
15,Codrington,AU,2021-10-16 18:14:05,-38.2667,141.9667,50.2,86,100,6.11
16,Maniitsoq,GL,2021-10-16 18:14:05,65.4167,-52.9,37.18,57,0,5.12
17,Luoyang,CN,2021-10-16 18:14:06,34.6836,112.4536,45.73,65,4,5.21
18,Tasiilaq,GL,2021-10-16 18:14:06,65.6145,-37.6368,32.16,69,99,6.76
19,Lata,PT,2021-10-16 18:14:06,40.1629,-8.3327,67.91,71,100,1.95
20,Hermanus,ZA,2021-10-16 18:14:07,-34.4187,19.2345,54.9,63,100,14.07
21,Tuktoyaktuk,CA,2021-10-16 18:14:07,69.4541,-133.0374,26.55,79,100,3.38
22,Bluff,NZ,2021-10-16 18:14:07,-46.6,168.3333,50.92,71,100,15.12
23,Kodiak,US,2021-10-16 18:14:08,57.79,-152.4072,35.11,60,1,0.0
24,Mitu,CO,2021-10-16 18:09:11,1.1983,-70.1733,77.16,93,91,2.37
25,Tilichiki,RU,2021-10-16 18:14:08,60.4667,166.1,14.41,70,100,12.01
26,Monrovia,LR,2021-10-16 18:12:36,6.3005,-10.7969,83.97,75,79,8.79
27,Punta Arenas,CL,2021-10-16 18:14:09,-53.15,-70.9167,44.71,53,75,34.52
28,Ushuaia,AR,2021-10-16 18:14:09,-54.8,-68.3,31.66,93,75,36.82
29,Rawson,AR,2021-10-16 18:14:09,-43.3002,-65.1023,63.28,32,32,4.0
30,Didi Lilo,GE,2021-10-16 18:14:10,41.7361,44.9647,56.98,82,90,4.61
31,Tuatapere,NZ,2021-10-16 18:14:10,-46.1333,167.6833,47.55,79,100,5.19
32,Taft,IR,2021-10-16 18:14:10,31.7471,54.2088,66.15,19,0,6.91
33,Atuona,PF,2021-10-16 18:14:11,-9.8,-139.0333,77.4,78,28,21.45
34,Sitka,US,2021-10-16 18:14:11,57.0531,-135.33,42.69,75,40,5.75
35,Castro,BR,2021-10-16 18:14:11,-24.7911,-50.0119,75.42,58,76,2.66
36,New Norfolk,AU,2021-10-16 18:14:12,-42.7826,147.0587,45.9,72,97,3.22
37,Yerbogachen,RU,2021-10-16 18:12:11,61.2767,108.0108,24.4,83,96,9.71
38,Hammerfest,NO,2021-10-16 18:14:12,70.6634,23.6821,37.85,87,75,14.97
39,Brigantine,US,2021-10-16 18:14:13,39.4101,-74.3646,83.32,77,1,16.11
40,Albany,US,2021-10-16 18:10:36,42.6001,-73.9662,76.95,71,100,3.0
41,Rikitea,PF,2021-10-16 18:14:13,-23.1203,-134.9692,74.88,78,14,9.17
42,Pisco,PE,2021-10-16 18:14:13,-13.7,-76.2167,71.65,60,0,16.11
43,Olafsvik,IS,2021-10-16 18:14:14,64.8945,-23.7142,37.85,71,100,19.13
44,Los Llanos De Aridane,ES,2021-10-16 18:14:14,28.6585,-17.9182,74.12,78,20,5.75
45,Baculin,PH,2021-10-16 18:14:14,7.4525,126.5842,78.64,86,94,2.71
46,Yotoco,CO,2021-10-16 18:14:15,3.8605,-76.3836,82.47,62,99,2.59
47,Vaini,TO,2021-10-16 18:14:15,-21.2,-175.2,73.56,94,75,8.05
48,Presque Isle,US,2021-10-16 18:14:16,46.6811,-68.0159,57.63,92,90,13.8
49,Andra,RU,2021-10-16 18:14:16,62.5147,65.8878,42.49,76,68,9.51
50,Cherskiy,RU,2021-10-16 18:14:16,68.75,161.3,-13.27,100,59,2.91
51,Vestmannaeyjar,IS,2021-10-16 18:14:17,63.4427,-20.2734,41.99,75,40,27.63
52,Aykhal,RU,2021-10-16 18:14:17,66.0,111.5,6.58,99,97,4.7
53,Victor Harbor,AU,2021-10-16 18:14:17,-35.5667,138.6167,48.0,81,80,4.23
54,Kapaa,US,2021-10-16 18:14:18,22.0752,-159.319,75.52,82,20,16.11
55,Clyde River,CA,2021-10-16 18:14:18,70.4692,-68.5914,28.31,75,97,10.56
56,Yellowknife,CA,2021-10-16 18:13:03,62.456,-114.3525,37.42,100,90,3.44
57,Coquimbo,CL,2021-10-16 18:14:19,-29.9533,-71.3436,62.33,59,0,16.11
58,Kruisfontein,ZA,2021-10-16 18:14:19,-34.0033,24.7314,53.89,61,56,22.88
59,Guerrero Negro,MX,2021-10-16 18:14:19,27.9769,-114.0611,81.28,26,0,0.83
60,Saint-Augustin,CA,2021-10-16 18:14:20,51.226,-58.6502,50.58,57,27,11.5
61,Hovd,MN,2021-10-16 18:14:20,48.0056,91.6419,32.02,53,81,0.47
62,Bathsheba,BB,2021-10-16 18:14:20,13.2167,-59.5167,86.27,65,5,10.29
63,Deputatskiy,RU,2021-10-16 18:14:21,69.3,139.9,-7.46,100,100,1.68
64,Whitehorse,CA,2021-10-16 18:14:21,60.7161,-135.0538,25.11,76,63,2.53
65,Bila Tserkva,UA,2021-10-16 18:14:21,49.8094,30.1121,45.19,86,84,4.47
66,Nikolskoye,RU,2021-10-16 18:14:22,59.7035,30.7861,44.87,82,63,13.69
67,Qaanaaq,GL,2021-10-16 18:14:22,77.484,-69.3632,20.26,86,100,10.18
68,Butaritari,KI,2021-10-16 18:14:23,3.0707,172.7902,81.59,69,67,16.53
69,Dekalb,US,2021-10-16 18:14:23,33.7504,-84.2333,72.77,60,40,20.71
70,Batagay-Alyta,RU,2021-10-16 18:12:16,67.8006,130.4114,-3.32,90,19,3.87
71,Faya,SA,2021-10-16 18:14:23,18.3851,42.4509,66.72,20,5,9.17
72,Barrow,US,2021-10-16 18:14:24,71.2906,-156.7887,21.22,79,90,13.8
73,Esperance,AU,2021-10-16 18:14:24,-33.8667,121.9,57.58,85,46,10.78
74,Cape Town,ZA,2021-10-16 18:14:24,-33.9258,18.4232,57.34,54,53,1.99
75,Sayat,TM,2021-10-16 18:14:25,38.7839,63.8803,56.34,23,1,10.67
76,Jamestown,US,2021-10-16 18:12:01,42.097,-79.2353,56.52,91,90,11.01
77,Talnakh,RU,2021-10-16 18:14:25,69.4865,88.3972,26.53,95,96,15.14
78,Rongcheng,CN,2021-10-16 18:14:25,30.634,117.8517,50.14,87,100,5.82
79,Stavern,NO,2021-10-16 18:14:26,59.0,10.0333,49.73,81,100,19.3
80,Hobart,AU,2021-10-16 18:13:06,-42.8794,147.3294,46.26,78,40,1.01
81,Port Alfred,ZA,2021-10-16 18:14:26,-33.5906,26.891,58.82,66,6,31.61
82,Cap Malheureux,MU,2021-10-16 18:14:27,-19.9842,57.6142,74.46,75,13,8.99
83,Pimentel,PE,2021-10-16 18:12:57,-6.8367,-79.9342,70.09,64,0,18.41
84,Ponta Do Sol,PT,2021-10-16 18:14:27,32.6667,-17.1,77.72,67,44,4.59
85,Thompson,CA,2021-10-16 18:10:29,55.7435,-97.8558,42.53,72,8,8.46
86,Lavrentiya,RU,2021-10-16 18:14:28,65.5833,-171.0,25.03,82,68,13.51
87,Khatanga,RU,2021-10-16 18:14:28,71.9667,102.5,9.46,94,100,7.83
88,Qasigiannguit,GL,2021-10-16 18:14:28,68.8193,-51.1922,25.05,71,0,5.19
89,Ancud,CL,2021-10-16 18:14:29,-41.8697,-73.8203,54.93,80,100,10.25
90,Norman Wells,CA,2021-10-16 18:14:29,65.282,-126.8329,26.22,91,100,8.16
91,Dukat,RU,2021-10-16 18:14:29,62.55,155.55,-0.27,96,100,3.85
92,Den Helder,NL,2021-10-16 18:12:10,52.9599,4.7593,57.18,69,75,15.99
93,Haines Junction,CA,2021-10-16 18:14:30,60.7522,-137.5108,25.41,62,32,1.74
94,Bay Roberts,CA,2021-10-16 18:14:30,47.5999,-53.2648,47.34,91,100,7.0
95,Provideniya,RU,2021-10-16 18:14:31,64.3833,-173.3,23.76,93,84,14.67
96,Doha,QA,2021-10-16 18:14:31,25.2867,51.5333,87.78,66,0,2.3
97,Ilulissat,GL,2021-10-16 18:14:31,69.2167,-51.1,24.82,36,1,13.8
98,Liuzhou,CN,2021-10-16 18:11:32,24.3126,109.3892,59.97,76,87,16.49
99,Naze,JP,2021-10-16 18:14:32,28.3667,129.4833,70.74,84,44,27.78
100,Sambava,MG,2021-10-16 18:14:32,-14.2667,50.1667,72.36,78,3,11.43
101,Longyearbyen,SJ,2021-10-16 18:14:32,78.2186,15.6401,24.64,58,75,21.85
102,Quang Ngai,VN,2021-10-16 18:10:55,15.1167,108.8,78.33,95,100,16.64
103,Extremoz,BR,2021-10-16 18:14:33,-5.7056,-35.3072,86.45,58,0,16.11
104,Villagomez,CO,2021-10-16 18:14:33,5.2737,-74.1961,75.58,68,95,2.82
105,Simao,CN,2021-10-16 18:14:33,22.7886,100.9748,58.03,91,99,3.06
106,Cidreira,BR,2021-10-16 18:14:34,-30.1811,-50.2056,63.07,81,100,14.09
107,Coahuayana,MX,2021-10-16 18:14:34,18.7333,-103.6833,81.88,60,36,5.17
108,Quelimane,MZ,2021-10-16 18:14:34,-17.8786,36.8883,79.83,69,2,10.33
109,Port Elizabeth,ZA,2021-10-16 18:14:35,-33.918,25.5701,56.1,64,38,25.72
110,Isla Vista,US,2021-10-16 18:14:35,34.4133,-119.861,87.67,18,0,1.99
111,Sola,VU,2021-10-16 18:14:35,-13.8833,167.55,80.47,75,87,2.95
112,Mar Del Plata,AR,2021-10-16 18:14:05,-38.0023,-57.5575,68.02,32,40,16.11
113,Aripuana,BR,2021-10-16 18:14:36,-9.1667,-60.6333,97.74,33,99,3.58
114,Saint-Philippe,RE,2021-10-16 18:14:36,-21.3585,55.7679,72.95,78,43,18.3
115,Kismayo,SO,2021-10-16 18:14:37,-0.3582,42.5454,78.15,78,46,14.99
116,Sakakah,SA,2021-10-16 18:14:37,29.9697,40.2064,84.94,11,0,11.83
117,Narsaq,GL,2021-10-16 18:14:37,60.9167,-46.05,46.62,53,1,1.45
118,Maba,CN,2021-10-16 18:14:38,24.6841,113.5984,60.49,82,99,4.61
119,Iqaluit,CA,2021-10-16 18:14:38,63.7506,-68.5145,32.7,74,0,4.0
120,Qala,AZ,2021-10-16 18:14:39,40.4418,50.1681,60.69,88,20,4.61
121,Fengcheng,CN,2021-10-16 18:14:39,40.4536,124.0717,30.54,39,0,3.76
122,Airai,TL,2021-10-16 18:14:39,-8.9266,125.4092,62.62,90,32,0.85
123,Shingu,JP,2021-10-16 18:14:40,33.7333,135.9833,70.07,84,62,6.4
124,Chingirlau,KZ,2021-10-16 18:14:40,51.095,54.0814,49.41,64,74,7.18
125,Bud,US,2021-10-16 18:14:40,39.447,-86.1758,59.85,52,1,14.43
126,Meadow Lake,US,2021-10-16 18:14:41,34.8014,-106.5436,65.68,22,0,5.41
127,Malaga,ES,2021-10-16 18:14:41,36.7202,-4.4203,71.98,78,0,1.01
128,Bayeux,BR,2021-10-16 18:14:41,-7.125,-34.9322,79.43,83,90,16.11
129,Point Pleasant,US,2021-10-16 18:14:42,40.0832,-74.0682,83.17,75,40,5.01
130,Kupang,ID,2021-10-16 18:14:42,-10.1667,123.5833,79.16,86,33,4.32
131,Saldanha,ZA,2021-10-16 18:14:42,-33.0117,17.9442,56.82,67,17,14.03
132,Half Moon Bay,US,2021-10-16 18:14:43,37.4636,-122.4286,82.58,38,1,5.75
133,Clarksburg,US,2021-10-16 18:14:43,39.2807,-80.3445,59.9,89,90,12.66
134,Ahipara,NZ,2021-10-16 18:14:43,-35.1667,173.1667,59.97,79,100,15.01
135,Talcahuano,CL,2021-10-16 18:14:44,-36.7167,-73.1167,60.48,63,75,21.85
136,Kaitangata,NZ,2021-10-16 18:14:44,-46.2817,169.8464,47.14,92,100,7.52
137,Saskylakh,RU,2021-10-16 18:12:13,71.9167,114.0833,7.9,96,99,8.79
138,Baghdad,IQ,2021-10-16 18:14:44,33.3406,44.4009,87.71,27,0,8.05
139,Tobol,KZ,2021-10-16 18:14:45,52.6844,62.5794,44.8,86,32,8.03
140,Mormugao,IN,2021-10-16 18:14:45,15.4,73.8,79.86,82,100,4.16
141,Melilla,ES,2021-10-16 18:14:45,35.2937,-2.9383,68.38,73,0,3.44
142,Amalapuram,IN,2021-10-16 18:14:46,16.5833,82.0167,78.1,89,72,1.83
143,Souillac,MU,2021-10-16 18:14:46,-20.5167,57.5167,74.35,73,6,14.92
144,Mount Gambier,AU,2021-10-16 18:14:46,-37.8333,140.7667,45.73,88,81,4.34
145,Weligama,LK,2021-10-16 18:14:47,5.9667,80.4167,79.23,85,92,15.05
146,Ust-Ishim,RU,2021-10-16 18:14:47,57.6935,71.1665,44.17,75,100,7.27
147,Birobidzhan,RU,2021-10-16 18:14:47,48.8,132.95,24.8,69,24,7.54
148,Samarai,PG,2021-10-16 18:14:48,-10.6167,150.6667,80.53,84,46,8.79
149,General Roca,AR,2021-10-16 18:14:48,-39.0333,-67.5833,70.43,18,32,21.12
150,Requena,ES,2021-10-16 18:14:48,39.4883,-1.1004,63.14,46,97,0.81
151,Mount Isa,AU,2021-10-16 18:12:45,-20.7333,139.5,62.37,31,0,6.91
152,Riyadh,SA,2021-10-16 18:14:49,24.6877,46.7219,86.14,15,0,7.9
153,Bethel,US,2021-10-16 18:14:49,41.3712,-73.414,75.94,73,1,1.01
154,Margate,GB,2021-10-16 18:14:49,51.3813,1.3862,56.91,81,88,10.49
155,Vostok,RU,2021-10-16 18:14:50,46.4856,135.8833,18.61,89,99,11.23
156,Listvyagi,RU,2021-10-16 18:14:50,53.6772,86.951,34.74,74,54,1.52
157,Fortuna,US,2021-10-16 18:14:50,40.5982,-124.1573,62.98,63,1,0.0
158,Puerto Ayacucho,VE,2021-10-16 18:14:51,5.6639,-67.6236,89.08,63,66,3.15
159,Cabo San Lucas,MX,2021-10-16 18:14:34,22.8909,-109.9124,88.61,61,20,5.75
160,Ribeira Grande,PT,2021-10-16 18:14:51,38.5167,-28.7,72.0,94,75,21.85
161,Cayenne,GF,2021-10-16 18:14:51,4.9333,-52.3333,89.64,78,90,4.0
162,Avarua,CK,2021-10-16 18:14:52,-21.2078,-159.775,77.05,83,40,10.36
163,Adre,TD,2021-10-16 18:14:52,13.4667,22.2,84.29,41,9,0.27
164,Bengkulu,ID,2021-10-16 18:14:52,-3.8004,102.2655,77.49,87,100,3.36
165,Lovozero,RU,2021-10-16 18:14:53,68.005,35.0117,34.84,96,93,7.85
166,Poya,NC,2021-10-16 18:14:53,-21.35,165.15,72.23,88,97,3.15
167,Hit,IQ,2021-10-16 18:14:54,33.6416,42.8251,83.37,25,74,13.85
168,Bambous Virieux,MU,2021-10-16 18:14:54,-20.3428,57.7575,74.21,72,1,16.71
169,Denpasar,ID,2021-10-16 18:14:54,-8.65,115.2167,80.26,83,20,3.44
170,Walvis Bay,NA,2021-10-16 18:14:54,-22.9575,14.5053,58.08,69,0,22.53
171,Te Anau,NZ,2021-10-16 18:14:55,-45.4167,167.7167,45.05,94,100,2.59
172,Fremont,US,2021-10-16 18:10:09,37.5483,-121.9886,81.64,36,1,1.99
173,Araouane,ML,2021-10-16 18:14:55,18.9048,-3.5265,92.91,9,62,7.47
174,Belaya Gora,RU,2021-10-16 18:14:56,68.5333,146.4167,6.46,96,83,4.83
175,Arraial Do Cabo,BR,2021-10-16 18:14:56,-22.9661,-42.0278,76.86,83,75,4.61
176,Lebu,CL,2021-10-16 18:14:56,-37.6167,-73.65,55.44,71,71,13.0
177,Asosa,ET,2021-10-16 18:14:57,10.0667,34.5333,62.83,81,73,4.29
178,Inhambane,MZ,2021-10-16 18:14:57,-23.865,35.3833,76.82,82,1,14.63
179,Makakilo City,US,2021-10-16 18:14:57,21.3469,-158.0858,77.61,66,1,5.75
180,Turbat,PK,2021-10-16 18:14:58,26.0023,63.044,80.8,9,0,3.2
181,Georgetown,MY,2021-10-16 18:14:58,5.4112,100.3354,82.89,80,100,6.91
182,Harper,LR,2021-10-16 18:14:58,4.375,-7.7169,80.37,77,29,5.12
183,Morgan City,US,2021-10-16 18:14:59,29.6994,-91.2068,73.0,43,84,17.27
184,Guilin,CN,2021-10-16 18:14:59,25.2819,110.2864,57.69,80,99,10.11
185,Yorosso,ML,2021-10-16 18:14:59,12.3536,-4.7761,79.74,57,76,5.93
186,Makubetsu,JP,2021-10-16 18:15:00,45.3714,141.8211,42.01,68,100,22.62
187,Tura,IN,2021-10-16 18:15:00,25.5198,90.2201,76.6,89,100,2.33
188,Kiunga,PG,2021-10-16 18:15:00,-6.1219,141.2906,73.44,99,100,0.49
189,Vardo,NO,2021-10-16 18:15:01,70.3705,31.1107,42.78,91,100,17.72
190,Berlevag,NO,2021-10-16 18:15:02,70.8578,29.0864,39.36,98,100,28.88
191,Namibe,AO,2021-10-16 18:15:03,-15.1961,12.1522,64.67,86,7,6.02
192,San Quintin,MX,2021-10-16 18:15:04,30.4833,-115.95,76.71,31,0,5.57
193,Bac Lieu,VN,2021-10-16 18:15:04,9.285,105.7244,78.8,84,100,6.73
194,Ukiah,US,2021-10-16 18:15:05,39.1502,-123.2078,79.16,28,1,0.0
195,Severnyy,RU,2021-10-16 18:15:06,50.677,36.5532,50.04,62,0,4.47
196,Iquitos,PE,2021-10-16 18:15:07,-3.7481,-73.2472,80.64,78,75,8.05
197,Upernavik,GL,2021-10-16 18:15:07,72.7868,-56.1549,21.18,51,43,7.0
198,Paka,MY,2021-10-16 18:15:07,4.6374,103.4368,79.66,84,94,3.15
199,Ixtapa,MX,2021-10-16 18:15:08,20.7,-105.2,88.23,55,75,2.3
200,San Patricio,US,2021-10-16 18:15:08,28.017,-97.5169,75.87,39,97,15.68
201,Panguna,PG,2021-10-16 18:15:09,-6.3164,155.4848,69.84,96,87,2.59
202,San Andres,CO,2021-10-16 18:15:09,12.5847,-81.7006,84.22,79,40,11.5
203,Saquarema,BR,2021-10-16 18:15:10,-22.92,-42.5103,80.62,80,94,8.28
204,Nouadhibou,MR,2021-10-16 18:15:10,20.931,-17.0347,71.83,80,5,16.87
205,Dehloran,IR,2021-10-16 18:15:10,32.6941,47.2679,91.35,17,23,7.76
206,Adrar,MR,2021-10-16 18:15:11,20.5022,-10.0711,92.34,12,60,7.18
207,Lagos,NG,2021-10-16 18:13:55,6.5833,3.75,78.33,89,30,5.68
208,Mwense,ZM,2021-10-16 18:15:11,-10.3845,28.698,76.71,57,96,7.94
209,Chengde,CN,2021-10-16 18:15:11,40.9725,117.9361,32.09,31,0,3.44
210,Svetlyy,RU,2021-10-16 18:15:12,54.675,20.1347,50.05,65,82,19.53
211,Oranjemund,NA,2021-10-16 18:15:12,-28.55,16.4333,56.59,72,20,22.44
212,Torbay,CA,2021-10-16 18:15:12,47.6666,-52.7314,47.28,96,100,3.0
213,Lafia,NG,2021-10-16 18:15:13,8.4833,8.5167,81.93,64,61,4.88
214,Raga,SS,2021-10-16 18:15:13,8.4596,25.678,74.59,83,93,3.62
215,Kahului,US,2021-10-16 18:15:13,20.8947,-156.47,78.06,78,40,13.8
216,Dingle,PH,2021-10-16 18:15:14,10.9995,122.6711,75.79,93,94,3.51
217,Viransehir,TR,2021-10-16 18:15:14,37.2353,39.7631,73.56,22,0,8.03
218,Lagoa,PT,2021-10-16 18:15:15,39.05,-27.9833,70.36,91,100,26.55
219,Panaba,MX,2021-10-16 18:15:15,21.2833,-88.2667,94.55,40,21,10.16
220,Rio Grande,BR,2021-10-16 18:15:15,-32.035,-52.0986,66.31,55,17,14.18
221,Coihaique,CL,2021-10-16 18:15:02,-45.5752,-72.0662,56.01,47,75,9.22
222,Sorland,NO,2021-10-16 18:15:16,67.667,12.6934,40.91,69,86,14.52
223,Hithadhoo,MV,2021-10-16 18:15:16,-0.6,73.0833,83.23,70,96,19.37
224,Machali,CL,2021-10-16 18:15:16,-34.1833,-70.6667,67.28,32,0,11.5
225,Katsuura,JP,2021-10-16 18:15:17,35.1333,140.3,76.19,87,22,22.37
226,Katherine,AU,2021-10-16 18:15:17,-14.4667,132.2667,82.72,61,78,5.75
227,Hamilton,US,2021-10-16 18:15:17,39.1834,-84.5333,61.65,55,20,5.01
228,Tiksi,RU,2021-10-16 18:15:18,71.6872,128.8694,5.67,94,89,5.82
229,Severo-Kurilsk,RU,2021-10-16 18:15:18,50.6789,156.125,39.07,62,26,12.15
230,Valle Hermoso,MX,2021-10-16 18:15:18,25.6667,-97.8333,76.89,53,100,18.57
231,Waingapu,ID,2021-10-16 18:15:19,-9.6567,120.2641,80.49,83,30,1.79
232,Srednekolymsk,RU,2021-10-16 18:12:17,67.45,153.6833,4.12,99,94,6.26
233,Phek,IN,2021-10-16 18:15:19,25.6667,94.5,58.57,93,78,3.04
234,Port Keats,AU,2021-10-16 18:15:19,-14.25,129.55,81.36,79,77,5.93
235,San Miguel,SV,2021-10-16 18:15:20,13.4833,-88.1833,90.54,54,60,1.81
236,Broken Hill,AU,2021-10-16 18:15:20,-31.95,141.4333,53.24,54,31,3.87
237,Vao,NC,2021-10-16 18:15:20,-22.6667,167.4833,72.23,89,100,7.09
238,Alta Floresta,BR,2021-10-16 18:15:21,-9.8756,-56.0861,96.91,31,94,2.04
239,Miri,MY,2021-10-16 18:15:21,4.4148,114.0089,78.57,86,100,3.27
240,Asmar,AF,2021-10-16 18:15:21,35.0333,71.3581,70.45,30,0,6.44
241,Bodden Town,KY,2021-10-16 18:15:22,19.2833,-81.25,89.01,76,5,5.99
242,Aljezur,PT,2021-10-16 18:15:22,37.3191,-8.8033,66.81,65,100,6.13
243,Puerto Ayora,EC,2021-10-16 18:15:18,-0.7393,-90.3518,78.76,85,99,8.99
244,Bani,DO,2021-10-16 18:15:23,18.2833,-70.3333,90.84,71,90,7.09
245,Akyab,MM,2021-10-16 18:15:23,20.15,92.9,80.17,85,100,10.94
246,Hilo,US,2021-10-16 18:10:56,19.7297,-155.09,72.81,92,90,6.91
247,Canmore,CA,2021-10-16 18:15:23,51.0834,-115.3521,55.89,77,97,12.66
248,Pevek,RU,2021-10-16 18:15:24,69.7008,170.3133,6.57,87,75,3.42
249,Wattegama,LK,2021-10-16 18:15:24,6.7989,81.4808,78.08,73,90,10.89
250,Kiama,AU,2021-10-16 18:15:24,-34.6833,150.8667,55.0,74,1,5.01
251,College,US,2021-10-16 18:15:25,64.8569,-147.8028,27.59,91,90,3.44
252,Arlit,NE,2021-10-16 18:15:25,18.7369,7.3853,94.06,9,2,13.71
253,Porto Walter,BR,2021-10-16 18:15:26,-8.2686,-72.7439,94.19,43,73,3.87
254,Jizan,SA,2021-10-16 18:15:26,17.3333,42.6667,88.43,54,15,4.07
255,Mithi,PK,2021-10-16 18:15:26,24.7318,69.7981,84.36,24,0,8.52
256,Saint-Pierre,RE,2021-10-16 18:15:27,-21.3393,55.4781,73.04,69,0,3.44
257,Sibolga,ID,2021-10-16 18:15:27,1.7427,98.7792,78.44,80,97,2.42
258,Inirida,CO,2021-10-16 18:15:27,3.8653,-67.9239,90.45,56,55,2.06
259,Taoudenni,ML,2021-10-16 18:15:28,22.6783,-3.9836,94.68,12,13,4.05
260,Alghero,IT,2021-10-16 18:15:28,40.5589,8.3181,62.98,77,0,2.3
261,Altamira,BR,2021-10-16 18:15:28,-3.2033,-52.2064,98.15,31,45,6.29
262,Basco,PH,2021-10-16 18:15:29,20.4487,121.9702,82.22,73,27,21.77
263,La Union,PE,2021-10-16 18:15:29,-5.4,-80.75,85.24,42,98,9.91
264,Bluefield,US,2021-10-16 18:14:46,37.2698,-81.2223,59.04,92,90,11.01
265,Qui Nhon,VN,2021-10-16 18:15:29,13.7667,109.2333,75.76,95,100,4.85
266,Jagatsinghapur,IN,2021-10-16 18:15:30,20.2667,86.1667,82.24,90,100,1.03
267,Casablanca,MA,2021-10-16 18:14:02,33.5928,-7.6192,75.42,78,49,8.99
268,Caravelas,BR,2021-10-16 18:15:30,-17.7125,-39.2481,80.94,70,84,11.68
269,Luderitz,NA,2021-10-16 18:15:30,-26.6481,15.1594,58.66,52,1,36.48
270,Kalemie,CD,2021-10-16 18:15:31,-5.9475,29.1947,74.35,78,38,4.29
271,Escarcega,MX,2021-10-16 18:15:31,18.6089,-90.7454,86.31,62,50,5.86
272,Tucupita,VE,2021-10-16 18:15:31,9.0622,-62.051,95.2,41,28,5.23
273,Ormara,PK,2021-10-16 18:15:32,25.2088,64.6357,80.76,59,0,4.45
274,Marawi,PH,2021-10-16 18:15:32,7.9986,124.2928,67.64,95,100,1.41
275,Betanzos,ES,2021-10-16 18:15:32,43.2804,-8.2147,65.32,79,75,1.99
276,Lima,PE,2021-10-16 18:11:00,-12.0432,-77.0282,68.14,72,40,16.11
277,Vanimo,PG,2021-10-16 18:15:33,-2.6741,141.3028,78.06,89,98,4.59
278,Campoverde,PE,2021-10-16 18:15:33,-8.4753,-74.8058,91.09,37,93,6.08
279,Phangnga,TH,2021-10-16 18:15:34,8.4509,98.5298,86.92,83,96,3.13
280,Edmundston,CA,2021-10-16 18:15:34,47.3737,-68.3251,56.53,96,90,5.75
281,Port Augusta,AU,2021-10-16 18:15:34,-32.5,137.7667,53.71,59,4,4.85
282,Santiago,CL,2021-10-16 18:10:41,-33.4569,-70.6483,72.84,28,0,5.75
283,Vastseliina,EE,2021-10-16 18:15:35,57.7303,27.2932,43.45,79,72,13.27
284,Maldonado,UY,2021-10-16 18:15:35,-34.6667,-54.9167,61.99,43,2,9.8
285,Saint George,US,2021-10-16 18:15:36,37.1041,-113.5841,73.87,24,1,1.01
286,Port Hedland,AU,2021-10-16 18:15:36,-20.3167,118.5667,75.25,78,90,10.36
287,Tautira,PF,2021-10-16 18:15:36,-17.7333,-149.15,82.42,70,56,18.99
288,Umm Kaddadah,SD,2021-10-16 18:15:37,13.6017,26.6876,93.58,14,32,10.85
289,Dwarka,IN,2021-10-16 18:15:37,22.2394,68.9678,81.7,66,0,11.1
290,Mahibadhoo,MV,2021-10-16 18:15:37,3.7833,72.9667,82.29,77,91,24.99
291,Nishihara,JP,2021-10-16 18:15:38,26.1842,127.7558,76.68,88,20,5.75
292,Paamiut,GL,2021-10-16 18:15:38,61.994,-49.6678,37.45,80,0,10.16
293,Daru,PG,2021-10-16 18:15:38,-9.0763,143.2092,78.35,85,53,9.01
294,Kanigoro,ID,2021-10-16 18:15:39,-8.13,112.219,74.34,93,67,3.09
295,Chernyshevskiy,RU,2021-10-16 18:12:16,63.0128,112.4714,15.73,97,89,4.74
296,Hashimoto,JP,2021-10-16 18:15:39,34.3167,135.6167,61.68,92,100,3.42
297,Eldama Ravine,KE,2021-10-16 18:15:40,0.0516,35.7308,60.51,76,99,4.25
298,Hasaki,JP,2021-10-16 18:15:40,35.7333,140.8333,70.2,86,40,21.27
299,Rocha,UY,2021-10-16 18:15:40,-34.4833,-54.3333,58.42,46,2,9.95
300,Abrau-Dyurso,RU,2021-10-16 18:15:40,44.69,37.59,53.06,90,52,6.13
301,Quatre Cocos,MU,2021-10-16 18:15:41,-20.2078,57.7625,74.08,73,4,16.98
302,Serenje,ZM,2021-10-16 18:15:41,-13.2325,30.2352,72.59,34,71,2.15
303,Touros,BR,2021-10-16 18:15:41,-5.1989,-35.4608,86.9,60,61,18.21
304,Goianesia,BR,2021-10-16 18:15:42,-15.3175,-49.1175,91.85,33,100,4.74
305,Manitouwadge,CA,2021-10-16 18:15:42,49.1215,-85.8403,50.72,79,84,8.01
306,Vila Velha,BR,2021-10-16 18:13:31,-20.3297,-40.2925,82.35,74,20,19.57
307,Laguna,US,2021-10-16 18:15:43,38.421,-121.4238,83.01,35,1,1.01
308,Antofagasta,CL,2021-10-16 18:12:56,-23.65,-70.4,66.22,55,20,11.45
309,Buala,SB,2021-10-16 18:15:43,-8.145,159.5921,79.54,78,90,5.66
310,Oktyabrskiy,RU,2021-10-16 18:15:43,54.4815,53.471,40.59,58,35,5.82
311,Tshikapa,CD,2021-10-16 18:15:44,-6.4167,20.8,72.63,82,52,2.17
312,Havoysund,NO,2021-10-16 18:15:44,70.9963,24.6622,38.28,76,100,25.43
313,Lazaro Cardenas,MX,2021-10-16 18:15:44,17.9583,-102.2,84.67,74,84,3.51
314,Huddersfield,GB,2021-10-16 18:15:45,53.649,-1.7842,56.95,85,98,1.99
315,Bitung,ID,2021-10-16 18:15:45,1.4451,125.1824,76.05,81,90,2.04
316,Gobabis,NA,2021-10-16 18:15:45,-22.45,18.9667,67.98,16,3,15.66
317,Noumea,NC,2021-10-16 18:13:40,-22.2763,166.4572,75.99,99,100,2.24
318,Baruun-Urt,MN,2021-10-16 18:15:46,46.6806,113.2792,26.2,48,9,11.59
319,Cornereva,RO,2021-10-16 18:15:46,45.0667,22.4167,46.54,97,100,2.66
320,Karpathos,GR,2021-10-16 18:15:47,35.507,27.2132,67.96,73,40,9.22
321,Klaksvik,FO,2021-10-16 18:15:47,62.2266,-6.589,41.92,64,99,7.74
322,Fairbanks,US,2021-10-16 18:12:25,64.8378,-147.7164,27.61,91,90,0.0
323,Nanzhou,CN,2021-10-16 18:15:48,29.3596,112.4024,54.18,78,100,15.39
324,Zabol,AF,2021-10-16 18:15:48,32.25,67.25,55.08,11,0,5.17
325,Hami,CN,2021-10-16 18:15:48,42.8,93.45,53.73,21,1,7.99
326,Khilok,RU,2021-10-16 18:15:49,51.3674,110.4676,30.27,52,89,9.93
327,Karratha,AU,2021-10-16 18:15:49,-20.7377,116.8463,72.77,70,3,14.65
328,Arman,RU,2021-10-16 18:15:49,59.7,150.1667,15.93,57,4,8.93
329,Varkkallai,IN,2021-10-16 18:15:50,8.7341,76.7067,82.18,87,100,18.3
330,Uetendorf,CH,2021-10-16 18:15:50,46.7739,7.5725,51.01,86,0,1.14
331,Ossora,RU,2021-10-16 18:15:50,59.2353,163.0719,24.49,78,100,10.22
332,Cangucu,BR,2021-10-16 18:15:51,-31.395,-52.6756,63.25,66,80,7.81
333,Dawlatabad,AF,2021-10-16 18:15:51,36.4141,64.9053,55.4,18,33,2.46
334,Idil,TR,2021-10-16 18:15:51,37.3411,41.8895,70.25,21,12,5.57
335,Ust-Uda,RU,2021-10-16 18:15:52,54.1742,103.0304,30.38,64,100,3.78
336,Kedrovyy,RU,2021-10-16 18:15:52,56.1667,91.8167,23.41,71,12,2.06
337,Aswan,EG,2021-10-16 18:12:25,24.0934,32.907,93.43,11,2,12.64
338,San Giovanni In Persiceto,IT,2021-10-16 18:15:53,44.64,11.1841,58.86,61,0,1.99
339,Faanui,PF,2021-10-16 18:15:53,-16.4833,-151.75,80.17,71,47,23.09
340,Kaeo,NZ,2021-10-16 18:15:53,-35.1,173.7833,60.33,85,100,12.64
341,Mahebourg,MU,2021-10-16 18:15:54,-20.4081,57.7,74.25,68,20,18.41
342,Easton,US,2021-10-16 18:15:54,40.6884,-75.2207,82.22,63,75,8.99
343,Palmer,US,2021-10-16 18:15:54,42.1584,-72.3287,75.18,61,75,3.0
344,Khani,GE,2021-10-16 18:15:55,41.9563,42.9566,51.37,81,11,3.33
345,Kobryn,BY,2021-10-16 18:15:55,52.2138,24.3564,44.67,75,93,8.93
346,Rodrigues Alves,BR,2021-10-16 18:15:55,-7.738,-72.6509,89.8,44,90,5.88
347,Lakatoro,VU,2021-10-16 18:15:56,-16.0999,167.4164,79.32,82,99,4.29
348,Avera,US,2021-10-16 18:15:56,33.194,-82.5271,82.71,61,17,18.66
349,Kresttsy,RU,2021-10-16 18:15:56,58.2452,32.5165,42.22,75,56,10.29
350,Kavieng,PG,2021-10-16 18:15:57,-2.5744,150.7967,84.07,68,88,14.09
351,Bastia,FR,2021-10-16 18:15:57,42.6667,9.3333,63.3,53,0,4.61
352,Dunedin,NZ,2021-10-16 18:15:57,-45.8742,170.5036,52.81,81,100,7.0
353,Petropavlovsk-Kamchatskiy,RU,2021-10-16 18:15:58,53.0452,158.6483,34.39,48,0,17.9
354,Novyy Urgal,RU,2021-10-16 18:15:58,51.0736,132.5642,20.95,90,100,4.27
355,Nichinan,JP,2021-10-16 18:15:58,31.6,131.3667,67.41,92,77,6.6
356,Iskateley,RU,2021-10-16 18:15:59,67.6803,53.1512,37.63,93,100,9.98
357,Nioro,GM,2021-10-16 18:15:59,13.35,-15.75,87.62,61,46,4.83
358,Alugan,PH,2021-10-16 18:15:59,12.2188,125.4808,78.85,87,52,5.66
359,Port Hardy,CA,2021-10-16 18:16:00,50.6996,-127.4199,50.18,93,90,3.44
360,Reconquista,AR,2021-10-16 18:16:00,-29.15,-59.65,74.12,24,1,8.59
361,Sisimiut,GL,2021-10-16 18:16:00,66.9395,-53.6735,31.35,62,0,9.93
362,Manggar,ID,2021-10-16 18:16:01,-2.8833,108.2667,82.02,80,100,5.97
363,Nouakchott,MR,2021-10-16 18:16:01,18.0858,-15.9785,103.93,23,23,10.29
364,Fort-Shevchenko,KZ,2021-10-16 18:16:02,44.5086,50.263,62.65,37,10,11.25
365,Sulangan,PH,2021-10-16 18:16:03,11.1373,123.7228,82.42,76,89,4.16
366,Nusaybin,TR,2021-10-16 18:16:03,37.0778,41.2178,63.99,22,0,9.22
367,Grande Prairie,CA,2021-10-16 18:16:04,55.1667,-118.8027,42.98,81,90,5.75
368,Victoria,HK,2021-10-16 18:15:39,22.2855,114.1577,76.32,75,31,7.0
369,Taltal,CL,2021-10-16 18:16:04,-25.4,-70.4833,62.47,63,9,8.01
370,Port Lincoln,AU,2021-10-16 18:16:05,-34.7333,135.8667,52.34,79,15,8.95
371,Lorengau,PG,2021-10-16 18:16:05,-2.0226,147.2712,82.38,79,46,10.69
372,Tatarsk,RU,2021-10-16 18:16:05,55.219,75.9828,39.43,79,0,4.16
373,La Ronge,CA,2021-10-16 18:16:06,55.1001,-105.2842,50.25,46,1,5.75
374,Rio Tercero,AR,2021-10-16 18:16:06,-32.173,-64.1141,68.49,21,2,10.51
375,Kasangulu,CD,2021-10-16 18:16:07,-4.5911,15.1708,81.95,57,82,3.42
376,Moose Factory,CA,2021-10-16 18:16:07,51.2585,-80.6094,57.2,62,20,2.3
377,Pacific Grove,US,2021-10-16 18:16:08,36.6177,-121.9166,84.15,35,1,1.01
378,Mount Darwin,ZW,2021-10-16 18:16:08,-16.7725,31.5838,79.92,31,37,1.99
379,Okha,RU,2021-10-16 18:16:08,53.5739,142.9478,34.61,87,100,25.86
380,Akureyri,IS,2021-10-16 18:16:09,65.6835,-18.0878,33.73,60,75,4.61
381,Zhigansk,RU,2021-10-16 18:12:11,66.7697,123.3711,8.11,97,94,4.38
382,Kodinsk,RU,2021-10-16 18:16:09,58.6881,99.1844,35.98,98,100,4.14
383,Weinan,CN,2021-10-16 18:16:10,34.5036,109.5089,49.69,73,7,4.59
384,Chandler,US,2021-10-16 18:16:10,33.3062,-111.8412,86.92,14,1,0.0
385,Keti Bandar,PK,2021-10-16 18:16:10,24.1447,67.4497,81.68,59,0,10.31
386,Kalmunai,LK,2021-10-16 18:16:11,7.4167,81.8167,82.02,63,96,7.16
387,Bilibino,RU,2021-10-16 18:16:11,68.0546,166.4372,-10.7,99,25,5.44
388,Barra Do Garcas,BR,2021-10-16 18:11:39,-15.89,-52.2567,98.29,31,83,5.61
389,Constitucion,CL,2021-10-16 18:16:11,-35.3333,-72.4167,60.24,58,3,17.74
390,Katangli,RU,2021-10-16 18:16:12,51.7102,143.2326,37.42,98,100,36.71
391,Eureka,US,2021-10-16 18:16:12,40.8021,-124.1637,63.25,68,71,4.61
392,Lompoc,US,2021-10-16 18:16:12,34.6391,-120.4579,86.85,27,1,3.44
393,Dicabisagan,PH,2021-10-16 18:16:13,17.0818,122.4157,77.31,91,52,5.59
394,Mandsaur,IN,2021-10-16 18:16:13,24.0667,75.0667,77.47,47,84,3.98
395,Kautokeino,NO,2021-10-16 18:16:14,69.0125,23.0412,32.59,94,100,26.62
396,Cutler Ridge,US,2021-10-16 18:16:14,25.5783,-80.3377,91.02,53,1,1.99
397,Padang,ID,2021-10-16 18:16:14,-0.9492,100.3543,78.85,82,100,3.09
398,Jaguarari,BR,2021-10-16 18:16:15,-10.2639,-40.1958,93.7,22,75,10.31
399,Barguzin,RU,2021-10-16 18:16:15,53.6167,109.6167,28.9,92,96,5.37
400,Sabang,ID,2021-10-16 18:16:15,5.8933,95.3214,82.35,75,98,8.01
401,Filingue,NE,2021-10-16 18:16:16,14.3521,3.3168,96.71,9,25,7.4
402,Calabozo,VE,2021-10-16 18:16:16,8.9242,-67.4293,93.99,45,72,7.54
403,Rundu,NA,2021-10-16 18:16:16,-17.9333,19.7667,83.01,12,17,5.79
404,Santa Cruz De Tenerife,ES,2021-10-16 18:14:30,28.4682,-16.2546,80.2,77,0,1.99
405,Alanya,TR,2021-10-16 18:16:17,36.5438,31.9998,73.53,63,1,2.53
406,Zhaotong,CN,2021-10-16 18:16:17,27.3167,103.7167,42.22,93,100,3.27
407,Tulsipur,NP,2021-10-16 18:16:17,28.131,82.2973,73.69,73,23,4.54
408,Kieta,PG,2021-10-16 18:16:18,-6.2167,155.6333,80.26,84,85,4.03
409,Roma,US,2021-10-16 18:16:18,43.2128,-75.4557,64.54,95,90,8.05
410,Nizhyn,UA,2021-10-16 18:16:19,51.048,31.8869,47.21,80,28,4.27
411,Wegorzewo,PL,2021-10-16 18:16:19,54.2157,21.7372,44.49,77,57,10.45
412,Saquena,PE,2021-10-16 18:16:19,-4.6667,-73.5167,94.62,44,100,4.14
413,Tainan,TW,2021-10-16 18:16:20,22.9908,120.2133,79.88,83,40,4.61
414,Sept-Iles,CA,2021-10-16 18:14:04,50.2001,-66.3821,51.06,85,99,8.99
415,Waipawa,NZ,2021-10-16 18:16:20,-41.4122,175.5153,54.03,60,91,7.83
416,Ostrovnoy,RU,2021-10-16 18:16:20,68.0531,39.5131,39.24,89,100,13.94
417,Jacareacanga,BR,2021-10-16 18:16:21,-6.2222,-57.7528,96.01,35,95,2.35
418,Houston,US,2021-10-16 18:13:57,29.7633,-95.3633,74.34,43,20,5.99
419,Rudnogorsk,RU,2021-10-16 18:16:21,57.2639,103.7519,33.21,97,100,9.26
420,Isla Mujeres,MX,2021-10-16 18:16:21,21.2311,-86.731,87.85,64,9,6.73
421,Matara,LK,2021-10-16 18:16:22,5.9485,80.5353,79.0,85,93,14.74
422,China,MX,2021-10-16 18:16:22,25.7,-99.2333,67.55,48,100,18.28
423,Road Town,VG,2021-10-16 18:16:22,18.4167,-64.6167,89.01,74,20,5.75
424,Pangnirtung,CA,2021-10-16 18:16:23,66.1451,-65.7125,30.2,69,1,5.75
425,Poum,NC,2021-10-16 18:16:23,-20.2333,164.0167,75.29,79,97,9.13
426,Verkhoyansk,RU,2021-10-16 18:16:23,67.5447,133.385,4.33,99,93,1.43
427,Hella,NO,2021-10-16 18:16:24,67.2,14.4333,39.34,84,75,5.75
428,Vanderhoof,CA,2021-10-16 18:16:24,54.0166,-124.0198,45.75,79,100,1.88
429,Balabac,PH,2021-10-16 18:16:25,7.9868,117.0645,81.21,81,100,4.59
430,Auki,SB,2021-10-16 18:15:16,-8.7676,160.7034,75.63,88,98,4.41
431,Sioux Lookout,CA,2021-10-16 18:16:25,50.1001,-91.917,50.38,62,75,14.97
432,Nhulunbuy,AU,2021-10-16 18:16:26,-12.2333,136.7667,79.41,89,75,0.0
433,Koungou,YT,2021-10-16 18:16:26,-12.7336,45.2042,78.51,69,0,6.91
434,Juneau,US,2021-10-16 18:14:10,58.3019,-134.4197,39.22,98,40,0.0
435,Jose De Freitas,BR,2021-10-16 18:16:27,-4.7564,-42.5756,97.75,18,44,6.17
436,Glendive,US,2021-10-16 18:16:27,47.1053,-104.7125,64.02,48,1,12.66
437,Kumbhraj,IN,2021-10-16 18:16:27,24.3667,77.05,76.82,58,33,5.66
438,Igrim,RU,2021-10-16 18:16:28,63.1906,64.4162,43.5,78,96,12.01
439,Ternate,ID,2021-10-16 18:16:28,0.8,127.4,81.41,80,61,5.5
440,Clearwater,US,2021-10-16 18:11:59,27.9659,-82.8001,89.56,65,1,7.0
441,Presidencia Roque Saenz Pena,AR,2021-10-16 18:16:28,-26.7852,-60.4388,77.22,34,1,7.0
442,Great Yarmouth,GB,2021-10-16 18:15:04,52.6083,1.7305,54.95,85,93,8.52
443,Beni Mazar,EG,2021-10-16 18:16:29,28.4962,30.8029,83.86,18,63,9.26
444,Hauterive,FR,2021-10-16 18:16:29,46.0901,3.4459,52.56,86,0,3.36
445,Ikare,NG,2021-10-16 18:16:29,7.4913,5.2322,75.2,85,20,5.03
446,Maragogi,BR,2021-10-16 18:13:35,-9.0122,-35.2225,80.65,76,71,13.53
447,Emirdag,TR,2021-10-16 18:16:30,39.0197,31.15,59.34,45,64,2.98
448,Kysyl-Syr,RU,2021-10-16 18:16:30,63.8986,122.7617,11.17,94,65,3.33
449,Labuhan,ID,2021-10-16 18:16:31,-6.8844,112.2051,80.53,76,62,9.1
450,Urucui,BR,2021-10-16 18:16:31,-7.2294,-44.5561,104.05,17,71,6.67
451,The Valley,AI,2021-10-16 18:12:45,18.217,-63.0578,88.11,74,40,5.75
452,Salvacion,PH,2021-10-16 18:16:31,7.9833,126.1333,73.22,98,100,1.1
453,Port Moresby,PG,2021-10-16 18:16:32,-9.4431,147.1797,74.61,94,89,3.87
454,Pljevlja,ME,2021-10-16 18:16:32,43.3333,19.3333,38.66,98,100,0.76
455,Saint Anthony,US,2021-10-16 18:16:33,45.0205,-93.218,61.66,44,1,3.0
456,Komsomolskiy,UZ,2021-10-16 18:16:33,40.4272,71.7189,53.02,50,45,4.61
457,Hohhot,CN,2021-10-16 18:16:33,40.8106,111.6522,23.29,58,0,4.47
458,Nome,US,2021-10-16 18:14:06,64.5011,-165.4064,27.16,80,40,10.36
459,Goderich,CA,2021-10-16 18:16:34,43.7501,-81.7165,59.92,67,91,16.11
460,Koumac,NC,2021-10-16 18:16:34,-20.5667,164.2833,73.83,83,99,5.68
461,Frutal,BR,2021-10-16 18:16:35,-20.0247,-48.9406,88.95,43,99,7.07
462,Saint-Denis,FR,2021-10-16 18:16:35,48.9167,2.3333,56.14,69,0,1.01
463,Kungurtug,RU,2021-10-16 18:16:36,50.5994,97.5228,22.14,75,3,2.86
464,Hay River,CA,2021-10-16 18:16:02,60.8156,-115.7999,37.38,65,20,10.36
465,Grindavik,IS,2021-10-16 18:16:36,63.8424,-22.4338,39.15,87,75,13.8
466,Phultala,BD,2021-10-16 18:16:36,22.7,89.5167,78.26,91,100,6.04
467,Fort Wellington,GY,2021-10-16 18:16:37,6.4,-57.6,87.98,63,40,10.42
468,Bubaque,GW,2021-10-16 18:16:37,11.2833,-15.8333,83.23,71,1,6.46
469,Babstovo,RU,2021-10-16 18:16:37,48.1167,132.4833,25.59,57,40,15.52
470,Northampton,US,2021-10-16 18:13:57,40.8754,-75.2499,81.27,65,92,3.0
471,Port Macquarie,AU,2021-10-16 18:15:07,-31.4333,152.9167,49.89,70,1,5.55
472,Russellville,US,2021-10-16 18:14:36,35.2784,-93.1338,69.17,40,1,6.91
473,Hofn,IS,2021-10-16 18:16:38,64.2539,-15.2082,36.7,72,100,11.16
474,Karatau,KZ,2021-10-16 18:16:38,43.1667,70.4667,47.1,46,0,2.59
475,Villanueva,HN,2021-10-16 18:16:39,15.3167,-88.0,90.59,49,40,6.91
476,Sobolevo,RU,2021-10-16 18:16:39,54.4299,31.8996,39.76,81,26,7.74
477,Liepaja,LV,2021-10-16 18:16:39,56.5419,21.0367,51.85,76,90,26.46
478,Kamenka,RU,2021-10-16 18:16:40,51.3223,42.7678,48.96,52,88,5.99
479,Geraldton,AU,2021-10-16 18:16:40,-28.7667,114.6,52.21,87,35,8.05
480,Cajati,BR,2021-10-16 18:16:40,-24.7361,-48.1228,72.72,81,90,4.74
481,Tocopilla,CL,2021-10-16 18:16:41,-22.092,-70.1979,66.49,62,28,10.13
482,Rapid Valley,US,2021-10-16 18:16:38,44.0625,-103.1463,65.32,33,1,3.0
483,Nanortalik,GL,2021-10-16 18:16:41,60.1432,-45.2371,42.24,61,23,5.23
484,Diamantino,BR,2021-10-16 18:16:41,-14.4086,-56.4461,84.0,62,98,7.92
485,Hervey Bay,AU,2021-10-16 18:16:42,-25.2986,152.8535,63.01,82,0,8.08
486,Carlyle,US,2021-10-16 18:16:42,38.6103,-89.3726,64.29,48,0,5.99
487,Pangai,TO,2021-10-16 18:16:43,-19.8,-174.35,77.11,73,20,3.44
488,Nikel,RU,2021-10-16 18:16:43,69.4128,30.222,39.38,97,100,12.1
489,Cao Bang,VN,2021-10-16 18:16:43,22.6667,106.25,60.51,95,100,5.12
490,Huambo,AO,2021-10-16 18:16:44,-12.7761,15.7392,75.94,20,54,4.74
491,Pietarsaari,FI,2021-10-16 18:16:44,63.65,22.6833,40.89,88,100,8.99
492,Alexandria,EG,2021-10-16 18:16:44,31.2156,29.9553,76.93,56,66,12.08
493,Shaoyang,CN,2021-10-16 18:16:44,27.2315,111.4525,53.71,87,100,7.36
494,Sedalia,US,2021-10-16 18:16:25,38.7045,-93.2283,64.06,34,1,14.97
495,Energeticheskiy,KZ,2021-10-16 18:16:45,43.4278,77.0222,41.56,75,40,2.24
496,Lakes Entrance,AU,2021-10-16 18:16:46,-37.8811,147.981,48.16,58,100,13.47
497,Conde,BR,2021-10-16 18:16:46,-7.2597,-34.9075,78.26,83,90,16.11
498,Podyuga,RU,2021-10-16 18:16:46,61.095,40.8647,39.36,84,63,10.09
499,Vallenar,CL,2021-10-16 18:16:47,-28.5708,-70.7581,77.65,22,0,12.37
500,Jijiga,ET,2021-10-16 18:16:47,9.35,42.8,67.5,40,10,14.0
501,Tha Rua,TH,2021-10-16 18:16:47,14.5634,100.7226,76.89,92,100,3.0
502,Tabou,CI,2021-10-16 18:16:48,4.423,-7.3528,80.02,79,17,5.79
503,Zhezkazgan,KZ,2021-10-16 18:16:48,47.8043,67.7144,45.1,43,14,7.49
504,Penhold,CA,2021-10-16 18:16:48,52.1334,-113.8687,63.34,31,1,18.41
505,Santa Isabel Do Rio Negro,BR,2021-10-16 18:16:49,-0.4139,-65.0192,100.11,30,74,6.55
506,Parauna,BR,2021-10-16 18:16:49,-16.9478,-50.4486,90.18,37,100,5.59
507,Bijie,CN,2021-10-16 18:16:49,27.3125,105.2942,45.45,91,100,2.48
508,Kosonsoy,UZ,2021-10-16 18:16:50,41.2561,71.5508,48.76,26,64,5.97
509,Usak,TR,2021-10-16 18:14:21,38.5,29.4167,54.05,83,66,9.19
510,Olinda,BR,2021-10-16 18:16:50,-8.0089,-34.8553,78.53,89,75,10.36
511,Yuzhno-Kurilsk,RU,2021-10-16 18:16:51,44.0306,145.8556,54.18,95,100,21.92
512,Cairns,AU,2021-10-16 18:16:51,-16.9167,145.7667,74.07,80,90,0.0
513,Khandyga,RU,2021-10-16 18:16:51,62.6667,135.6,3.69,97,52,2.04
514,Santo Nino,PH,2021-10-16 18:16:52,6.435,124.6975,74.3,93,90,1.07
515,Meulaboh,ID,2021-10-16 18:16:52,4.1363,96.1285,78.71,85,99,3.31
516,Igarka,RU,2021-10-16 18:16:52,67.4667,86.5833,34.74,99,100,20.22
517,Kavaratti,IN,2021-10-16 18:16:53,10.5669,72.642,82.0,79,100,20.98
518,Barcelos,PT,2021-10-16 18:16:53,41.5388,-8.6151,65.91,78,100,3.76
519,Quartucciu,IT,2021-10-16 18:16:53,39.2519,9.1794,68.25,62,20,3.0
520,Kloulklubed,PW,2021-10-16 18:16:54,7.0419,134.2556,77.5,73,100,3.96
521,Kargasok,RU,2021-10-16 18:16:54,59.0556,80.8572,38.05,90,38,7.05
522,Tromso,NO,2021-10-16 18:16:54,69.6496,18.957,37.42,75,40,1.01
523,Tayshet,RU,2021-10-16 18:16:55,55.9342,98.0044,29.25,72,60,3.06
524,Stawell,AU,2021-10-16 18:16:55,-37.05,142.7667,44.91,72,82,3.94
525,Vizinga,RU,2021-10-16 18:16:55,61.0749,50.1031,43.3,87,100,11.56
526,Sao Joao Da Barra,BR,2021-10-16 18:16:56,-21.6403,-41.0511,82.49,91,100,13.82
527,Muzhi,RU,2021-10-16 18:16:56,65.3667,64.6667,42.28,84,100,14.65
528,Anadyr,RU,2021-10-16 18:16:57,64.75,177.4833,28.9,74,75,20.13
529,Oxford,GB,2021-10-16 18:16:57,51.7522,-1.256,57.81,89,75,2.3
530,Pizarro,CO,2021-10-16 18:16:57,4.9533,-77.366,81.97,73,99,5.46
531,Methoni,GR,2021-10-16 18:16:58,36.8197,21.7049,61.21,75,96,18.61
532,Bonavista,CA,2021-10-16 18:16:58,48.6499,-53.1147,47.12,95,100,30.91
533,Atherton,GB,2021-10-16 18:16:58,53.5237,-2.4935,57.78,84,97,1.99
534,Tessalit,ML,2021-10-16 18:16:59,20.1986,1.0114,92.1,8,1,6.82
535,Saint-Joseph,RE,2021-10-16 18:16:59,-21.3667,55.6167,71.96,75,34,15.55
536,Buchanan,LR,2021-10-16 18:16:59,5.8808,-10.0467,84.16,79,99,7.78
537,Bairiki,KI,2021-10-16 18:17:00,1.3292,172.9752,78.8,83,40,9.22
538,Moree,AU,2021-10-16 18:17:00,-29.4667,149.85,46.42,87,45,4.61
539,Haizhou,CN,2021-10-16 18:17:00,34.5817,119.1289,45.18,62,22,10.85
540,Wolgast,DE,2021-10-16 18:17:01,54.05,13.7667,48.85,82,92,11.68
541,Buriti Bravo,BR,2021-10-16 18:17:02,-5.8372,-43.8336,103.41,19,58,6.02
542,Nuevo Progreso,MX,2021-10-16 18:17:02,23.1667,-97.95,78.6,70,100,11.99
543,Itarema,BR,2021-10-16 18:17:03,-2.9248,-39.9167,86.18,60,100,20.29
544,Gravdal,NO,2021-10-16 18:17:03,68.1214,13.5031,40.55,76,100,9.73
545,Ulaangom,MN,2021-10-16 18:17:03,49.9811,92.0667,30.87,70,48,2.62
546,Huron,US,2021-10-16 18:17:04,41.1501,-82.5499,60.26,66,46,19.04
547,Miracema Do Tocantins,BR,2021-10-16 18:17:04,-9.5618,-48.3967,97.43,31,93,4.59
548,Hays,US,2021-10-16 18:17:04,30.0502,-98.0336,72.09,35,82,4.0
549,Gobo,JP,2021-10-16 18:17:05,33.8833,135.15,64.35,85,99,23.0
550,Ugoofaaru,MV,2021-10-16 18:17:05,5.6667,73.0,82.04,77,99,23.78
551,Boa Vista,BR,2021-10-16 18:17:06,2.8197,-60.6733,94.98,34,40,8.05
552,Changji,CN,2021-10-16 18:17:06,44.0167,87.3167,45.39,57,0,6.71
553,Maceio,BR,2021-10-16 18:13:49,-9.6658,-35.7353,80.04,89,90,9.22
554,Qaqortoq,GL,2021-10-16 18:17:06,60.7167,-46.0333,46.9,61,2,1.7
555,Kalengwa,ZM,2021-10-16 18:17:07,-13.4659,25.0027,76.78,29,59,4.32
556,Namatanai,PG,2021-10-16 18:17:07,-3.6667,152.4333,81.21,78,65,10.22
557,Aksu,CN,2021-10-16 18:17:07,41.1231,80.2644,52.3,22,36,1.5
558,Palana,RU,2021-10-16 18:17:08,59.1167,159.9667,24.46,93,100,16.67
559,Camacha,PT,2021-10-16 18:17:08,33.0833,-16.3333,73.53,73,20,10.36
